timestamp,predicted_x,true_x,predicted_y,true_y
2020-12-29 16_22_44.490958,990.66693,922.4891461649784,91.974655,139.16988416988417
2020-12-29 16_22_44.823927,994.7913,921.5629522431259,93.962616,136.85328185328186
2020-12-29 16_22_45.157839,915.04694,916.0057887120115,77.14225,143.8030888030888
2020-12-29 16_22_45.490757,881.8867,915.0795947901591,75.34576,149.82625482625483
2020-12-29 16_22_45.823947,859.09973,912.7641099855282,72.627945,149.36293436293437
2020-12-29 16_22_50.157896,1088.5284,1085.9623733719247,189.02208,334.6911196911197
2020-12-29 16_22_50.490960,1098.7552,1108.6541244573082,204.44003,343.03088803088804
2020-12-29 16_22_50.824199,1106.2654,1154.9638205499275,222.8964,365.2702702702703
2020-12-29 16_22_57.824550,1095.3666,1121.6208393632414,284.96573,363.4169884169884
2020-12-29 16_22_58.157988,1115.7538,1051.6931982633864,237.5144,348.5907335907336
2020-12-29 16_22_58.491816,1125.7312,973.4298118668595,227.68716,360.6370656370657
2020-12-29 16_22_58.824897,1129.0848,895.6295224312589,225.5827,362.95366795366795
2020-12-29 16_22_59.158014,1060.8893,802.0839363241679,215.08041,362.95366795366795
2020-12-29 16_22_59.492175,1020.33624,746.5123010130246,232.60873,355.5405405405406
2020-12-29 16_23_23.493623,887.6313,944.2547033285093,82.62642,61.7953667953668
2020-12-29 16_23_23.826160,925.92206,956.7583212735167,85.60895,66.42857142857143
2020-12-29 16_23_24.159409,910.40155,970.1881331403763,85.89316,65.03861003861005
2020-12-29 16_23_24.493242,1004.1321,985.4703328509406,95.57129,79.4015444015444
2020-12-29 16_23_24.826250,1007.2187,998.9001447178002,96.2687,82.64478764478764
2020-12-29 16_23_33.493159,893.3501,931.7510853835022,205.48297,300.4054054054054
2020-12-29 16_23_33.827522,875.07684,905.3545586107091,255.08481,304.11196911196913
2020-12-29 16_23_34.159902,874.99054,869.6960926193922,285.75888,320.3281853281853
2020-12-29 16_23_34.493450,888.7712,847.4674384949349,300.9903,356.4671814671815
2020-12-29 16_23_34.827080,910.08575,826.16497829233,304.3508,368.51351351351354
2020-12-29 16_23_35.159927,937.68134,769.204052098408,302.38757,406.5057915057915
2020-12-29 16_23_35.493274,961.8529,746.5123010130246,308.58948,447.2779922779923
2020-12-29 16_23_41.493536,965.7631,736.7872648335745,313.5464,513.0694980694981
2020-12-29 16_23_41.827481,917.1586,833.1114327062228,375.0987,474.1505791505791
2020-12-29 16_23_42.160505,897.5533,867.8437047756873,379.84845,440.3281853281853
2020-12-29 16_23_42.493736,871.3135,911.8379160636758,388.0688,404.18918918918916
2020-12-29 16_23_42.827785,846.3728,950.7380607814761,390.55948,382.4131274131274
2020-12-29 16_23_43.160614,819.20056,986.396526772793,387.59232,378.70656370656377
2020-12-29 16_23_43.493622,799.87946,1018.8133140376265,390.0935,372.6833976833977
2020-12-29 16_23_43.827673,779.7513,1125.7887120115774,384.14618,371.7567567567568
2020-12-29 16_23_50.827819,772.76447,1126.7149059334297,382.37747,355.0772200772201
2020-12-29 16_23_51.161001,816.6208,1064.1968162083936,348.9196,335.6177606177606
2020-12-29 16_23_51.494148,912.62085,1045.672937771346,311.87564,319.8648648648649
2020-12-29 16_23_51.827809,1020.7038,1028.5383502170766,251.48221,310.13513513513516
2020-12-29 16_23_52.160995,1001.413,1027.149059334298,253.64368,282.7992277992278
2020-12-29 16_23_56.828387,1121.6636,1136.43994211288,199.1758,203.57142857142858
2020-12-29 16_23_57.160959,1134.9568,1106.338639652677,210.34853,203.57142857142856
2020-12-29 16_23_57.494447,1143.606,1098.0028943560055,199.75017,199.86486486486487
2020-12-29 16_23_57.828694,1138.1709,1081.794500723589,194.28416,198.93822393822393
2020-12-29 16_23_58.161413,1102.6665,1060.0289435600578,161.23218,197.54826254826256
2020-12-29 16_23_58.494897,1072.8949,1026.2228654124456,137.61691,194.76833976833979
2020-12-29 16_23_58.827799,1049.9268,1003.5311143270621,120.77316,178.55212355212356
2020-12-29 16_23_59.161647,1038.15,979.9131693198262,113.54849,163.72586872586874
2020-12-29 16_23_59.494526,1041.1561,952.5904486251809,115.81581,160.01930501930502
2020-12-29 16_23_59.827975,1041.5829,943.7916063675832,117.680374,153.06949806949808
2020-12-29 16_24_00.161685,1036.6876,943.328509406657,115.26209,128.51351351351352
2020-12-29 16_24_00.494573,1034.3041,934.0665701881331,116.22835,103.95752895752898
2020-12-29 16_24_00.827875,1023.5533,928.972503617945,109.274284,138.24324324324326
2020-12-29 16_24_01.162304,1008.1976,933.6034732272069,97.3288,131.2934362934363
2020-12-29 16_24_01.494817,1007.0893,931.7510853835021,96.507095,125.27027027027026
2020-12-29 16_24_01.827969,920.2753,933.6034732272069,77.89668,123.41698841698843
2020-12-29 16_24_02.161887,919.2818,940.5499276410999,83.32778,117.85714285714286
2020-12-29 16_24_02.494770,935.31616,944.7178002894356,85.34593,118.32046332046332
2020-12-29 16_24_02.828228,957.81104,946.5701881331404,89.29448,113.22393822393822
2020-12-29 16_24_03.161694,976.6905,956.7583212735167,91.54416,111.37065637065638
2020-12-29 16_24_03.495018,979.6376,962.7785817655572,91.728546,113.68725868725869
2020-12-29 16_24_03.828130,970.5972,969.2619392185238,90.69457,105.34749034749035
2020-12-29 16_24_04.162414,953.93805,975.7452966714905,89.1718,108.59073359073359
2020-12-29 16_24_04.494856,944.945,987.3227206946453,89.59452,101.1776061776062
2020-12-29 16_24_04.828334,1005.5299,994.2691751085383,95.89733,90.98455598455598
2020-12-29 16_24_05.162589,1007.2785,994.7322720694644,96.2767,97.93436293436294
2020-12-29 16_24_05.495138,1007.2996,1003.068017366136,96.28194,90.52123552123552
2020-12-29 16_24_05.828087,1007.2996,1003.9942112879884,96.28194,95.61776061776061
2020-12-29 16_24_06.162097,1007.2996,1004.9204052098407,96.28194,99.78764478764478
2020-12-29 16_24_06.495136,1007.2996,1007.6989869753979,96.28194,99.7876447876448
2020-12-29 16_24_06.828328,1007.2996,1007.2358900144718,96.28194,98.86100386100387
2020-12-29 16_24_07.162214,1007.2996,997.0477568740955,96.28194,99.7876447876448
2020-12-29 16_24_07.495022,1007.2996,999.3632416787264,96.28194,99.78764478764481
2020-12-29 16_24_07.828303,1007.2996,995.6584659913169,96.28194,94.6911196911197
2020-12-29 16_24_08.162458,1007.2996,986.3965267727931,96.28194,112.2972972972973
2020-12-29 16_24_08.495268,1007.2996,986.3965267727931,96.28194,109.05405405405405
2020-12-29 16_24_39.497473,978.4924,658.5238784370476,282.98013,39.092664092664094
2020-12-29 16_24_39.830239,945.7619,670.5643994211288,159.80106,37.23938223938224
2020-12-29 16_24_40.163353,950.01917,681.2156295224313,134.08658,34.922779922779924
2020-12-29 16_24_40.497283,891.62665,693.7192474674384,101.716606,37.23938223938224
2020-12-29 16_24_40.830374,860.4252,704.370477568741,93.66567,34.45945945945946
2020-12-29 16_24_41.163333,818.7168,713.6324167872649,83.58146,35.84942084942085
2020-12-29 16_24_42.497718,740.34015,749.2908827785818,67.71541,35.38610038610039
2020-12-29 16_24_42.830215,739.3097,749.2908827785817,66.38372,36.312741312741316
2020-12-29 16_24_43.163503,745.9165,754.8480463096961,66.171074,32.142857142857146
2020-12-29 16_24_43.497391,762.4521,760.4052098408104,66.171455,31.67953667953668
2020-12-29 16_24_43.830489,748.9671,765.4992764109986,66.09418,36.31274131274131
2020-12-29 16_24_44.163649,760.94916,769.6671490593342,69.3199,32.142857142857146
2020-12-29 16_24_44.497783,760.80597,773.3719247467438,66.795166,33.53281853281853
2020-12-29 16_24_44.830850,754.9234,781.7076700434153,66.57605,32.60617760617761
2020-12-29 16_24_45.164083,737.73285,784.4862518089725,66.679825,31.67953667953668
2020-12-29 16_24_45.497239,748.926,778.4659913169319,66.3202,36.77606177606177
2020-12-29 16_24_45.830498,752.41675,769.204052098408,69.96726,37.7027027027027
2020-12-29 16_24_46.164029,786.07214,763.1837916063675,68.9007,38.62934362934363
2020-12-29 16_24_46.498490,791.9151,753.4587554269173,70.97778,37.615830115830114
2020-12-29 16_24_46.830667,805.0019,737.2503617945007,69.8664,34.45945945945946
2020-12-29 16_24_47.163770,794.35846,727.9884225759769,72.654594,33.06949806949807
2020-12-29 16_24_47.497520,839.2836,718.2633863965267,76.63284,34.45945945945946
2020-12-29 16_24_47.830742,813.4153,701.1287988422577,69.96677,37.70270270270271
2020-12-29 16_24_48.163723,801.0405,690.4775687409551,68.50845,34.922779922779924
2020-12-29 16_24_48.497278,807.7374,682.1418234442835,68.77736,35.84942084942085
2020-12-29 16_24_48.830772,810.4649,668.7120115774239,68.66156,34.922779922779924
2020-12-29 16_24_49.163930,804.80414,653.8929088277857,67.85498,33.069498069498074
2020-12-29 16_25_18.833205,646.24994,1150.7959479015917,311.45798,349.98069498069503
2020-12-29 16_25_19.165752,768.4364,1086.8885672937772,217.92,335.6177606177606
2020-12-29 16_25_19.498913,913.9191,1058.176555716353,219.24414,318.011583011583
2020-12-29 16_25_19.832468,1033.2397,1038.726483357453,229.71901,300.4054054054054
2020-12-29 16_25_20.165762,1089.023,1031.3169319826338,234.40367,292.0656370656371
2020-12-29 16_25_20.498880,1107.7778,1031.3169319826338,229.53639,270.75289575289577
2020-12-29 16_25_20.832926,1116.5789,1043.3574529667148,226.50381,258.7065637065637
2020-12-29 16_25_21.165827,1124.0969,1066.0492040520985,225.38039,249.44015444015446
2020-12-29 16_25_21.498911,1111.0068,1074.8480463096962,244.35783,242.95366795366797
2020-12-29 16_25_21.833138,1096.188,1087.3516642547033,290.9599,238.7837837837838
2020-12-29 16_25_22.499084,1080.994,1115.1374819102748,308.28815,225.34749034749035
2020-12-29 16_25_26.833143,1119.6454,1007.6989869753979,177.55681,173.45559845559845
2020-12-29 16_25_27.166060,1092.0366,986.8596237337192,152.7356,164.65250965250965
2020-12-29 16_25_27.499310,1070.7004,977.5976845151952,135.80199,132.22007722007723
2020-12-29 16_25_28.166481,1057.5972,946.1070911722142,126.74557,113.2239382239382
2020-12-29 16_25_28.499230,1048.4114,930.8248914616497,121.29247,141.02316602316603
2020-12-29 16_25_28.832806,1042.5354,929.4356005788711,118.15927,140.55984555984554
2020-12-29 16_25_29.166664,1037.5167,931.2879884225758,115.65585,138.24324324324326
2020-12-29 16_25_29.499391,1029.6113,941.013024602026,111.70841,131.2934362934363
2020-12-29 16_25_29.833392,1024.534,937.7713458755426,109.68672,128.05019305019306
2020-12-29 16_25_30.166179,1009.19745,946.1070911722143,97.68979,122.49034749034749
2020-12-29 16_25_30.499361,1007.0492,953.0535455861071,96.44235,119.71042471042472
2020-12-29 16_25_30.833657,1007.067,961.3892908827786,96.35036,116.93050193050193
2020-12-29 16_25_31.166509,1007.03326,965.0940665701881,96.35668,113.68725868725869
2020-12-29 16_25_31.499783,1006.89764,972.5036179450071,96.37793,116.46718146718148
2020-12-29 16_25_31.833088,1006.77264,977.1345875542692,96.47639,111.83397683397683
2020-12-29 16_25_32.166279,1007.53326,981.7655571635311,96.76204,114.15057915057916
2020-12-29 16_25_32.499526,1008.8079,991.027496382055,97.09745,108.12741312741312
2020-12-29 16_25_35.833039,1007.2996,1005.8465991316929,96.28194,99.32432432432432
2020-12-29 16_25_36.167043,1007.2996,1003.5311143270621,96.28194,106.73745173745175
2020-12-29 16_25_36.499980,1007.2996,1002.1418234442835,96.28194,101.17760617760618
2020-12-29 16_25_36.833105,1007.2996,1002.1418234442833,96.28194,107.66409266409266
2020-12-29 16_25_37.499944,1007.17755,981.765557163531,96.25938,108.12741312741315
2020-12-29 16_25_37.833079,932.106,975.7452966714905,80.09301,113.68725868725869
2020-12-29 16_25_38.167423,933.8084,967.4095513748191,84.986626,116.93050193050195
2020-12-29 16_22_44.490958,1062.9648,865.0651230101303,203.16167,336.5444015444016
2020-12-29 16_22_44.823927,1013.8566,858.5817655571634,238.38219,361.5637065637066
2020-12-29 16_22_45.157839,988.0295,821.0709117221415,283.82278,406.04247104247105
2020-12-29 16_22_45.490757,978.07916,788.6541244573082,311.63464,449.5945945945946
2020-12-29 16_22_45.823947,964.9653,760.8683068017365,347.60263,519.5559845559847
2020-12-29 16_22_50.157896,958.06793,749.2908827785817,357.47278,556.0714285714286
2020-12-29 16_22_50.490960,916.22375,788.6541244573082,379.7168,494.07335907335903
2020-12-29 16_22_50.824199,894.7457,824.7756874095513,382.8122,457.934362934363
2020-12-29 16_22_51.158168,908.78973,863.2127351664253,380.92917,422.25868725868725
2020-12-29 16_22_51.491065,917.8792,891.9247467438495,376.3185,365.27027027027026
2020-12-29 16_22_51.824263,931.3714,911.3748191027496,368.20996,354.6138996138996
2020-12-29 16_22_52.158482,944.5201,955.3690303907381,361.5238,326.35135135135135
2020-12-29 16_22_52.491131,954.46747,983.6179450072358,356.9674,312.9150579150579
2020-12-29 16_22_52.824464,961.3304,1009.0882778581765,354.09204,296.2355212355212
2020-12-29 16_22_53.158001,972.0367,1050.767004341534,351.90967,285.11583011583014
2020-12-29 16_22_53.491314,1022.5102,1069.2908827785818,336.89655,278.6293436293437
2020-12-29 16_22_53.824279,1058.5725,1072.069464544139,331.5819,256.3899613899614
2020-12-29 16_22_54.158246,1077.8733,1083.1837916063675,321.68066,184.11196911196913
2020-12-29 16_22_54.491102,1085.5171,1042.4312590448626,285.25372,177.62548262548265
2020-12-29 16_22_54.824492,1104.4792,1000.752532561505,247.35793,188.74517374517376
2020-12-29 16_22_55.158135,1118.3234,979.4500723589001,230.53346,179.01544401544402
2020-12-29 16_22_55.491663,1123.7424,958.1476121562952,227.36601,164.65250965250968
2020-12-29 16_22_55.824597,1058.7351,942.8654124457307,218.01823,156.7760617760618
2020-12-29 16_22_56.157777,1006.10114,940.0868306801735,181.91173,153.53281853281854
2020-12-29 16_22_56.491598,940.19324,934.5296671490594,135.98746,148.8996138996139
2020-12-29 16_22_56.824739,889.75354,940.0868306801735,105.18707,141.94980694980694
2020-12-29 16_22_57.157911,863.1396,940.0868306801736,87.59592,135.0
2020-12-29 16_22_57.491423,840.2182,948.8856729377712,80.90555,133.14671814671817
2020-12-29 16_22_57.824550,863.80597,956.7583212735167,89.28729,130.83011583011583
2020-12-29 16_22_58.157988,839.18585,963.2416787264833,80.32075,123.4169884169884
2020-12-29 16_22_58.491816,806.2663,969.2619392185238,75.60245,119.24710424710426
2020-12-29 16_22_58.824897,800.7188,982.2286541244573,76.21739,118.32046332046332
2020-12-29 16_22_59.158014,821.85504,989.1751085383503,77.62919,112.76061776061776
2020-12-29 16_22_59.492175,841.9626,994.2691751085383,78.37265,109.05405405405406
2020-12-29 16_22_59.824694,870.7071,998.4370477568741,81.537186,110.44401544401545
2020-12-29 16_23_00.158113,903.0988,1002.6049204052097,85.023926,101.1776061776062
2020-12-29 16_23_00.491743,966.4926,997.0477568740955,90.62366,98.39768339768341
2020-12-29 16_23_00.824732,990.61676,988.712011577424,93.54868,93.30115830115831
2020-12-29 16_23_01.157968,1006.86127,983.1548480463097,96.183,84.03474903474904
2020-12-29 16_23_01.492276,1007.2957,966.9464544138929,96.286644,73.37837837837839
2020-12-29 16_23_01.825153,1007.2996,952.1273516642547,96.28194,65.5019305019305
2020-12-29 16_23_02.158207,1007.2808,944.2547033285093,96.280846,60.40540540540541
2020-12-29 16_23_06.158340,920.5695,778.0028943560058,77.69519,33.06949806949807
2020-12-29 16_23_06.492656,889.4393,764.10998552822,76.41344,33.996138996138995
2020-12-29 16_23_06.825135,858.1534,750.6801736613604,71.93485,34.45945945945946
2020-12-29 16_23_07.158792,839.8243,739.1027496382055,70.224335,35.38610038610039
2020-12-29 16_23_07.492682,827.0832,734.9348769898697,69.08618,36.31274131274131
2020-12-29 16_23_07.825244,812.0556,719.1895803183791,68.06453,36.77606177606178
2020-12-29 16_23_08.158537,790.99896,707.6121562952244,67.0143,38.166023166023166
2020-12-29 16_23_08.492743,767.28577,697.8871201157742,66.307915,37.7027027027027
2020-12-29 16_23_08.825585,747.5045,685.8465991316932,66.19664,35.84942084942085
2020-12-29 16_23_09.159023,762.29584,667.3227206946455,66.06228,34.45945945945946
2020-12-29 16_23_09.492343,742.76514,657.5976845151953,66.02222,39.092664092664094
2020-12-29 16_23_23.493623,729.83026,771.5195369030391,66.28195,355.5405405405405
2020-12-29 16_23_23.826160,787.1259,826.6280752532562,289.0008,364.34362934362935
2020-12-29 16_23_24.159409,857.27356,914.1534008683068,349.16483,368.51351351351354
2020-12-29 16_23_24.493242,877.20154,1010.9406657018812,368.2967,354.1505791505791
2020-12-29 16_23_24.826250,886.30383,1107.2648335745296,374.05765,362.4903474903475
2020-12-29 16_23_33.493159,919.8859,1135.9768451519537,377.31973,347.20077220077224
2020-12-29 16_23_33.827522,997.3587,1082.257597684515,315.30215,317.5482625482625
2020-12-29 16_23_34.159902,1075.4834,1057.713458755427,265.63364,307.81853281853284
2020-12-29 16_23_34.493450,1101.6803,1054.0086830680173,240.2385,292.992277992278
2020-12-29 16_23_34.827080,1089.7661,1057.713458755427,271.32648,274.4594594594595
2020-12-29 16_23_35.159927,1098.0247,1068.3646888567293,278.68866,267.04633204633205
2020-12-29 16_23_35.493274,1101.4331,1093.3719247467438,275.22742,251.75675675675677
2020-12-29 16_23_35.827777,1091.6809,1093.83502170767,298.8479,242.95366795366795
2020-12-29 16_23_36.160179,1107.5961,1104.0231548480465,276.22147,211.91119691119692
2020-12-29 16_23_36.493217,1123.843,1094.298118668596,234.43713,169.74903474903476
2020-12-29 16_23_36.827524,1129.9011,1040.5788712011577,224.8244,199.4015444015444
2020-12-29 16_23_37.160268,1133.4878,1018.8133140376267,221.70319,186.89189189189187
2020-12-29 16_23_38.160038,1121.0212,944.2547033285093,197.40019,147.04633204633205
2020-12-29 16_23_38.493362,1016.77136,938.2344428364688,145.63832,153.53281853281854
2020-12-29 16_23_38.827443,922.639,936.3820549927641,106.78957,144.26640926640928
2020-12-29 16_23_39.160398,873.37476,935.918958031838,92.07932,137.7799227799228
2020-12-29 16_23_39.493450,859.28375,941.013024602026,87.57427,130.36679536679537
2020-12-29 16_23_39.827572,841.42194,948.4225759768451,78.99925,129.44015444015446
2020-12-29 16_23_40.160335,866.02637,956.7583212735166,85.96372,123.88030888030889
2020-12-29 16_23_40.494195,880.4554,962.315484804631,85.42105,122.95366795366796
2020-12-29 16_23_40.827712,867.1164,970.6512301013024,80.75847,123.88030888030889
2020-12-29 16_23_41.160529,869.30145,987.7858176555715,79.48481,113.22393822393823
2020-12-29 16_23_41.493536,871.1373,992.8798842257597,81.05625,109.98069498069498
2020-12-29 16_23_41.827481,883.7681,996.121562952243,82.6407,104.88416988416989
2020-12-29 16_23_42.160505,911.9195,1009.0882778581764,85.84613,92.83783783783784
2020-12-29 16_23_42.493736,952.04987,1007.6989869753979,90.235085,92.83783783783784
2020-12-29 16_23_42.827785,1007.1596,998.4370477568741,96.24799,99.32432432432432
2020-12-29 16_23_43.160614,1007.2996,995.1953690303908,96.28194,92.37451737451738
2020-12-29 16_23_43.493622,1007.2996,980.8393632416787,96.28194,90.98455598455598
2020-12-29 16_23_43.827673,1007.2996,966.4833574529666,96.28194,72.45173745173746
2020-12-29 16_23_44.160828,1007.2808,952.1273516642547,96.280846,71.06177606177607
2020-12-29 16_23_44.493782,999.49414,941.4761215629522,94.163925,60.868725868725875
2020-12-29 16_23_48.493947,916.3248,777.5397973950796,77.12914,36.77606177606177
2020-12-29 16_23_48.828061,863.9224,768.2778581765556,71.90283,36.312741312741316
2020-12-29 16_23_49.160925,844.2309,753.4587554269174,70.75388,35.84942084942085
2020-12-29 16_23_49.494041,832.5258,742.3444283646888,69.61138,36.77606177606177
2020-12-29 16_23_49.828254,821.5671,736.7872648335745,68.57187,34.922779922779924
2020-12-29 16_23_50.161165,806.41327,728.9146164978292,67.59772,33.996138996138995
2020-12-29 16_23_50.494067,785.73737,717.8002894356005,66.65464,36.77606177606178
2020-12-29 16_23_50.827819,763.2659,707.149059334298,66.05725,39.092664092664094
2020-12-29 16_23_51.161001,742.84503,698.8133140376266,66.04586,38.62934362934363
2020-12-29 16_23_51.494148,742.82306,688.1620839363242,66.03453,39.092664092664094
2020-12-29 16_23_51.827809,742.77936,675.6584659913169,66.025185,36.31274131274131
2020-12-29 16_23_52.160995,729.8272,665.4703328509406,66.281334,34.45945945945946
2020-12-29 16_23_56.828387,729.8271,665.0072358900145,66.28121,75.23166023166023
2020-12-29 16_23_57.160959,743.38055,679.8263386396527,67.55145,79.86486486486487
2020-12-29 16_23_57.494447,737.1053,698.3502170767005,66.62644,79.86486486486487
2020-12-29 16_23_57.828694,745.329,721.968162083936,66.18347,86.26447876447877
2020-12-29 16_23_58.161413,764.1656,745.1230101302459,69.61979,89.13127413127413
2020-12-29 16_23_58.494897,782.10455,770.1302460202605,70.45613,98.3976833976834
2020-12-29 16_23_58.827799,799.856,794.2112879884226,73.46745,104.88416988416989
2020-12-29 16_23_59.161647,827.78827,821.534008683068,76.93066,119.24710424710426
2020-12-29 16_23_59.494526,858.7601,841.4471780028944,80.19602,155.3861003861004
2020-12-29 16_23_59.827975,887.37616,865.9913169319825,83.15017,159.0926640926641
2020-12-29 16_24_00.161685,894.31616,890.0723589001446,84.08461,165.11583011583014
2020-12-29 16_24_00.494573,935.41766,939.6237337192474,88.64238,160.4826254826255
2020-12-29 16_24_00.827875,1002.6004,973.4298118668596,95.30416,174.84555984555985
2020-12-29 16_24_01.162304,1038.9398,1005.8465991316932,119.951645,185.5019305019305
2020-12-29 16_24_01.494817,1058.1736,1032.243125904486,135.84538,186.8918918918919
2020-12-29 16_24_01.827969,1070.4219,1053.082489146165,146.53087,192.45173745173747
2020-12-29 16_24_02.161887,1080.18,1103.5600578871201,154.34392,196.6216216216216
2020-12-29 16_24_02.494770,1089.421,1119.3053545586106,161.31183,211.91119691119692
2020-12-29 16_24_02.828228,1099.2678,1144.312590448625,168.56264,223.4942084942085
2020-12-29 16_24_03.161694,1110.1462,1143.3863965267728,171.94705,230.44401544401546
2020-12-29 16_24_03.495018,1122.7902,1141.9971056439942,179.85493,235.0772200772201
2020-12-29 16_24_03.828130,1133.0349,1139.6816208393632,185.55142,237.8571428571429
2020-12-29 16_24_04.162414,1139.9894,1112.8219971056437,191.08879,250.36679536679537
2020-12-29 16_24_04.494856,1142.5426,1100.7814761215627,195.11023,249.44015444015446
2020-12-29 16_24_04.828334,1145.0667,1076.7004341534007,197.97238,264.72972972972974
2020-12-29 16_24_05.162589,1145.1803,1053.0824891461648,198.95384,262.4131274131274
2020-12-29 16_24_05.495138,1144.793,1024.8335745296672,199.39357,277.7027027027027
2020-12-29 16_24_05.828087,1144.1449,1014.1823444283646,199.45209,299.015444015444
2020-12-29 16_24_06.162097,1075.3638,999.8263386396527,196.28069,313.84169884169887
2020-12-29 16_24_06.495136,1015.9005,961.8523878437047,222.54567,330.52123552123555
2020-12-29 16_24_06.828328,989.5711,951.2011577424023,259.37357,338.8610038610039
2020-12-29 16_24_07.162214,979.22076,921.0998552821995,280.78302,388.43629343629345
2020-12-29 16_24_07.495022,979.7165,885.4413892908826,310.3651,406.04247104247105
2020-12-29 16_24_07.828303,964.42804,847.0043415340087,347.0279,433.84169884169887
2020-12-29 16_24_08.162458,955.8105,794.2112879884226,357.4491,505.1930501930502
2020-12-29 16_24_08.495268,917.7067,766.8885672937771,374.4405,530.6756756756757
2020-12-29 16_24_31.497071,899.3823,658.0607814761214,380.3573,66.8050193050193
2020-12-29 16_24_31.829714,936.2396,672.4167872648335,282.17612,78.47490347490347
2020-12-29 16_24_32.162879,916.9802,687.6989869753979,160.92072,84.03474903474904
2020-12-29 16_24_32.496746,862.1527,715.9479015918957,113.27723,85.42471042471043
2020-12-29 16_24_32.829893,810.1187,741.4182344428364,86.497444,90.52123552123552
2020-12-29 16_24_33.162985,778.5247,767.3516642547033,76.237564,97.00772200772201
2020-12-29 16_24_33.497058,792.49896,795.1374819102749,85.58309,113.68725868725869
2020-12-29 16_24_33.829864,783.45795,828.943560057887,79.62856,117.39382239382239
2020-12-29 16_24_34.163078,770.37946,848.3936324167872,74.40724,136.3899613899614
2020-12-29 16_24_34.496887,831.7857,872.0115774240231,118.661354,141.94980694980694
2020-12-29 16_24_34.829801,882.30206,889.6092619392185,132.63599,137.31660231660234
2020-12-29 16_24_35.163154,929.3184,897.4819102749638,145.46869,141.48648648648648
2020-12-29 16_24_35.497283,977.7953,914.1534008683068,157.79453,137.7799227799228
2020-12-29 16_24_35.830011,987.90765,924.3415340086831,128.88968,131.75675675675677
2020-12-29 16_24_36.163084,1001.5948,931.2879884225761,110.6791,132.22007722007723
2020-12-29 16_24_36.497463,915.8842,937.3082489146165,85.78885,128.05019305019306
2020-12-29 16_24_36.829953,887.52875,956.2952243125904,86.35638,126.1969111969112
2020-12-29 16_24_37.163278,885.5999,963.2416787264833,81.54157,119.71042471042472
2020-12-29 16_24_37.497190,876.1178,968.7988422575977,84.71071,117.85714285714286
2020-12-29 16_24_37.830109,904.1628,981.302460202605,94.10356,115.07722007722008
2020-12-29 16_24_38.163268,926.76483,990.5643994211289,93.97775,97.93436293436292
2020-12-29 16_24_38.497784,925.3512,1003.0680173661359,87.89274,85.8880308880309
2020-12-29 16_24_38.830209,894.0921,1006.3096960926193,82.1548,90.05791505791507
2020-12-29 16_24_39.163302,884.9734,1009.0882778581765,82.97307,99.32432432432434
2020-12-29 16_24_39.497473,932.6369,1006.7727930535456,86.71659,95.15444015444015
2020-12-29 16_24_39.830239,922.2292,1008.1620839363242,87.44433,90.98455598455598
2020-12-29 16_24_40.163353,1006.64264,1000.752532561505,96.13622,92.83783783783784
2020-12-29 16_24_40.497283,1007.2996,1005.3835021707669,96.28194,87.74131274131274
2020-12-29 16_24_40.830374,1007.2996,1008.162083936324,96.28194,80.32818532818533
2020-12-29 16_24_41.163333,1007.2996,1002.1418234442837,96.28194,85.42471042471043
2020-12-29 16_24_42.497718,1007.2808,971.5774240231548,96.280846,84.96138996138997
2020-12-29 16_24_42.830215,1007.2996,959.0738060781475,96.28194,107.11389961389962
2020-12-29 16_24_43.163503,1007.2996,956.2952243125903,96.28194,108.12741312741313
2020-12-29 16_24_43.497391,1007.2996,950.2749638205499,96.28194,107.66409266409268
2020-12-29 16_24_43.830489,1007.30524,940.5499276410998,96.28623,117.85714285714286
2020-12-29 16_24_44.163649,1007.30524,934.9927641099855,96.28623,113.68725868725869
2020-12-29 16_24_44.497783,1007.30524,929.8986975397974,96.28623,120.17374517374517
2020-12-29 16_24_44.830850,1007.2996,922.026049204052,96.28194,121.10038610038612
2020-12-29 16_24_45.164083,1007.2996,917.3950795947901,96.28194,126.19691119691119
2020-12-29 16_24_45.497239,1007.2996,907.6700434153399,96.28194,130.36679536679537
2020-12-29 16_24_45.830498,1007.2996,905.8176555716352,96.28194,129.44015444015443
2020-12-29 16_24_46.164029,1007.2996,889.1461649782923,96.28194,135.46332046332049
2020-12-29 16_24_46.498490,1007.2996,872.4746743849494,96.28194,140.09652509652508
2020-12-29 16_24_46.830667,1007.2996,853.9507959479015,96.28194,141.02316602316603
2020-12-29 16_24_47.163770,1007.3339,831.7221418234442,96.32119,138.24324324324323
2020-12-29 16_24_47.497520,1007.0267,805.3256150506511,96.21596,112.76061776061778
2020-12-29 16_24_47.830742,1007.13824,779.8552821997105,96.25287,100.71428571428572
2020-12-29 16_24_48.163723,1007.2038,756.2373371924746,96.2711,90.05791505791507
2020-12-29 16_24_48.497278,920.52527,734.4717800289435,77.68143,86.35135135135135
2020-12-29 16_24_48.830772,866.2186,715.4848046309696,71.97852,82.64478764478764
2020-12-29 16_24_49.163930,845.2841,696.9609261939218,70.80061,80.32818532818533
2020-12-29 16_24_49.497613,833.63763,677.9739507959479,69.66097,73.37837837837839
2020-12-29 16_24_49.830686,823.12067,665.9334298118667,68.60966,75.23166023166023
2020-12-29 16_25_03.497949,808.5037,704.3704775687409,67.665855,301.7953667953668
2020-12-29 16_25_03.831943,823.42035,761.794500723589,285.69177,315.6949806949807
2020-12-29 16_25_04.164961,865.8376,798.3791606367582,349.67664,343.03088803088804
2020-12-29 16_25_04.498022,878.84357,877.1056439942113,368.62848,299.015444015444
2020-12-29 16_25_04.831922,885.5927,965.094066570188,373.8338,304.11196911196913
2020-12-29 16_25_05.164805,906.9708,992.4167872648335,378.42804,360.1737451737452
2020-12-29 16_25_05.497969,949.8543,1045.2098408104198,370.2625,374.53667953667957
2020-12-29 16_25_14.832653,949.8813,1132.272069464544,371.9596,350.9073359073359
2020-12-29 16_25_15.165452,961.19116,1088.2778581765556,334.91266,330.984555984556
2020-12-29 16_25_15.498683,1021.2093,1027.149059334298,313.1368,311.0617760617761
2020-12-29 16_25_15.832798,1061.78,1019.2764109985528,297.29114,287.89575289575293
2020-12-29 16_25_16.165374,1027.9459,1015.5716353111432,308.9162,277.7027027027027
2020-12-29 16_25_16.498631,1059.4714,1014.1823444283647,297.774,255.92664092664094
2020-12-29 16_25_16.832868,1012.7546,1003.9942112879884,305.77124,244.34362934362935
2020-12-29 16_25_17.165478,1048.2025,999.3632416787266,293.06525,229.98069498069498
2020-12-29 16_25_17.498776,1023.956,993.3429811866858,298.84174,220.71428571428572
2020-12-29 16_25_17.832833,1066.6288,985.0072358900144,255.34026,200.32818532818533
2020-12-29 16_25_18.165761,1108.027,963.2416787264833,219.79494,170.21235521235522
2020-12-29 16_25_18.498749,1124.1335,934.9927641099855,215.73697,161.87258687258688
2020-12-29 16_25_18.833205,1129.1151,905.3545586107091,211.76598,159.0926640926641
2020-12-29 16_25_19.165752,1097.064,865.5282199710564,199.77783,155.3861003861004
2020-12-29 16_25_19.498913,985.23737,844.6888567293777,143.53712,149.36293436293437
2020-12-29 16_25_19.832468,912.69977,828.9435600578871,104.68569,128.51351351351354
2020-12-29 16_25_20.165762,875.6446,798.8422575976845,90.12821,116.003861003861
2020-12-29 16_25_20.498880,855.91156,781.2445730824891,83.88346,96.54440154440155
2020-12-29 16_25_20.832926,839.63385,759.4790159189579,79.85408,92.83783783783784
2020-12-29 16_25_21.165827,823.2041,741.8813314037626,76.80348,82.18146718146718
2020-12-29 16_25_21.498911,800.0439,725.2098408104196,73.54719,82.18146718146718
2020-12-29 16_25_21.833138,775.74786,702.5180897250361,69.69758,74.30501930501931
2020-12-29 16_25_22.499084,745.6732,658.986975397974,66.891205,76.15830115830116
2020-12-29 16_25_26.833143,742.7049,661.3024602026048,66.02542,40.94594594594595
2020-12-29 16_25_27.166060,730.6138,676.121562952243,66.29083,34.45945945945946
2020-12-29 16_25_27.499310,729.8576,688.1620839363242,66.27942,33.06949806949807
2020-12-29 16_25_27.833651,729.8743,697.8871201157742,66.2801,37.7027027027027
2020-12-29 16_25_28.166481,729.8178,713.6324167872649,66.280556,39.55598455598456
2020-12-29 16_25_28.499230,729.8178,732.1562952243125,66.280556,34.45945945945946
2020-12-29 16_25_28.832806,729.8178,738.176555716353,66.280556,37.70270270270271
2020-12-29 16_25_29.166664,729.8178,746.5123010130246,66.280556,39.092664092664094
2020-12-29 16_25_29.499391,729.8178,752.0694645441388,66.280556,39.092664092664094
2020-12-29 16_25_29.833392,729.8178,752.0694645441389,66.280556,38.166023166023166
2020-12-29 16_25_30.166179,729.8178,758.5528219971055,66.280556,36.312741312741316
2020-12-29 16_25_30.499361,729.8178,767.3516642547033,66.280556,37.7027027027027
2020-12-29 16_25_30.833657,730.0744,774.2981186685962,66.3127,38.166023166023166
2020-12-29 16_25_31.166509,729.9763,784.9493487698987,66.290794,36.31274131274131
2020-12-29 16_25_31.499783,729.86444,793.7481910274964,66.28699,33.53281853281854
2020-12-29 16_25_31.833088,729.8584,803.4732272069464,66.28435,31.67953667953668
2020-12-29 16_25_32.166279,732.5782,814.5875542691751,66.63862,35.38610038610039
2020-12-29 16_25_32.499526,761.8453,829.8697539797395,69.70833,37.23938223938224
2020-12-29 16_25_35.833039,793.9163,947.4963820549928,73.132034,56.698841698841704
2020-12-29 16_25_36.167043,808.1591,955.3690303907381,73.0026,63.64864864864866
2020-12-29 16_25_36.499980,825.5037,967.4095513748191,75.871666,71.98841698841699
2020-12-29 16_25_36.833105,846.63605,985.0072358900144,78.749626,72.45173745173744
2020-12-29 16_25_37.499944,870.43304,1022.5180897250361,81.44156,79.86486486486487
2020-12-29 16_25_37.833079,897.8024,1021.5918958031837,84.69516,93.76447876447877
2020-12-29 16_25_38.167423,996.9152,1018.8133140376265,94.37614,87.74131274131275
2020-12-29 16_22_50.157896,753.05255,809.4934876989869,67.78854,116.93050193050195
2020-12-29 16_22_50.490960,764.16156,831.2590448625181,71.159195,118.78378378378378
2020-12-29 16_22_50.824199,791.4811,846.5412445730824,74.645836,154.92277992277994
2020-12-29 16_22_51.158168,835.5401,866.917510853835,77.62482,165.5791505791506
2020-12-29 16_22_51.491065,830.6916,885.904486251809,104.187996,166.96911196911196
2020-12-29 16_22_51.824263,884.1658,925.7308248914616,133.47676,157.23938223938225
2020-12-29 16_22_52.158482,986.05493,945.1808972503617,151.28824,169.28571428571428
2020-12-29 16_22_52.491131,1025.1173,965.0940665701881,161.74886,176.6988416988417
2020-12-29 16_22_52.824464,1074.7583,983.6179450072359,163.91022,188.28185328185327
2020-12-29 16_22_53.158001,1085.6716,980.3762662807526,168.95876,237.85714285714283
2020-12-29 16_22_53.491314,1088.6434,980.3762662807525,186.51077,246.6602316602317
2020-12-29 16_22_53.824279,1097.0688,981.7655571635312,205.096,275.8494208494208
2020-12-29 16_22_54.158246,1115.3894,995.6584659913169,218.4701,284.18918918918916
2020-12-29 16_22_54.491102,1126.8358,1006.7727930535455,224.10048,323.57142857142856
2020-12-29 16_22_54.824492,1123.3748,1032.7062228654124,226.7505,332.8378378378378
2020-12-29 16_22_55.158135,1117.8494,1112.3589001447178,235.71689,342.5675675675676
2020-12-29 16_23_06.158340,1103.1774,1068.3646888567293,269.93433,336.0810810810811
2020-12-29 16_23_06.492656,1108.2397,1014.1823444283646,267.2894,345.72393822393826
2020-12-29 16_23_06.825135,1110.813,972.5036179450072,265.2614,336.0810810810811
2020-12-29 16_23_07.158792,1051.361,909.985528219971,277.28687,412.065637065637
2020-12-29 16_23_07.492682,1006.00385,891.9247467438495,326.7403,421.3320463320464
2020-12-29 16_23_07.825244,970.9159,821.9971056439942,352.53638,456.08108108108115
2020-12-29 16_23_08.158537,916.6485,785.8755426917511,375.41534,481.1003861003862
2020-12-29 16_23_23.493623,1105.364,942.8654124457307,198.68028,150.28957528957528
2020-12-29 16_23_23.826160,1098.5582,943.7916063675832,171.83679,148.43629343629345
2020-12-29 16_23_24.159409,1076.3279,941.4761215629521,147.35179,147.04633204633205
2020-12-29 16_23_24.493242,1063.977,936.8451519536902,133.40889,137.77992277992277
2020-12-29 16_23_24.826250,969.7503,942.4023154848046,98.22325,137.3166023166023
2020-12-29 16_23_33.493159,950.004,960.4630969609261,87.987885,79.86486486486487
2020-12-29 16_23_33.827522,973.4072,953.053545586107,90.66447,88.20463320463321
2020-12-29 16_23_34.159902,982.6298,948.8856729377712,91.33712,98.86100386100387
2020-12-29 16_23_34.493450,980.86127,937.3082489146166,91.12183,126.66023166023167
2020-12-29 16_23_34.827080,970.727,933.6034732272069,90.12626,129.44015444015446
2020-12-29 16_23_35.159927,884.5197,933.1403762662808,75.072426,133.6100386100386
2020-12-29 16_23_35.493274,821.2759,928.9725036179449,70.01429,142.41312741312743
2020-12-29 16_23_35.827777,846.3973,929.8986975397974,70.912674,147.5096525096525
2020-12-29 16_23_36.160179,834.30963,935.4558610709116,69.77084,151.67953667953668
2020-12-29 16_23_36.493217,854.2691,937.7713458755427,73.90864,148.89961389961388
2020-12-29 16_23_36.827524,827.6911,947.4963820549928,68.95199,158.62934362934365
2020-12-29 16_23_37.160268,797.5078,952.1273516642547,67.19455,156.3127413127413
2020-12-29 16_23_38.160038,746.3387,987.3227206946455,66.125755,213.76447876447878
2020-12-29 16_23_38.493362,782.19916,991.4905933429811,93.02151,242.49034749034752
2020-12-29 16_23_38.827443,818.88525,1010.477568740955,129.71484,246.19691119691123
2020-12-29 16_23_39.160398,845.3574,1016.4978292329955,218.62656,270.2895752895753
2020-12-29 16_23_39.493450,870.55963,1019.2764109985528,275.7971,277.7027027027027
2020-12-29 16_23_39.827572,916.7938,1023.9073806078147,299.49103,300.4054054054054
2020-12-29 16_23_40.160335,928.3477,1011.8668596237336,300.9246,306.89189189189193
2020-12-29 16_23_40.494195,933.4151,997.0477568740955,295.73294,311.52509652509656
2020-12-29 16_23_40.827712,946.5202,979.9131693198262,293.1954,317.5482625482626
2020-12-29 16_23_41.160529,976.26666,923.4153400868306,303.50226,326.81467181467184
2020-12-29 16_23_41.493536,978.9645,900.7235890014472,308.201,302.25868725868725
2020-12-29 16_23_41.827481,977.86993,863.2127351664255,318.4753,267.04633204633205
2020-12-29 16_23_42.160505,967.68774,809.4934876989869,347.11667,290.6756756756757
2020-12-29 16_23_42.493736,951.1031,766.4254703328509,360.6524,366.6602316602317
2020-12-29 16_23_42.827785,950.70233,716.4109985528219,364.34082,397.7027027027027
2020-12-29 16_24_04.828334,969.0485,665.9334298118669,358.4312,31.679536679536678
2020-12-29 16_24_05.162589,960.33075,679.3632416787264,223.37146,35.38610038610039
2020-12-29 16_24_05.495138,916.24335,688.162083936324,150.59271,33.53281853281853
2020-12-29 16_24_05.828087,939.91394,696.9609261939218,143.66386,34.45945945945946
2020-12-29 16_24_06.162097,873.0367,705.7597684515194,101.61695,33.996138996138995
2020-12-29 16_24_06.495136,823.2546,716.4109985528221,86.57438,34.45945945945946
2020-12-29 16_24_06.828328,802.87616,721.50506512301,82.98646,32.142857142857146
2020-12-29 16_24_07.162214,783.0544,730.3039073806076,77.50738,28.436293436293436
2020-12-29 16_24_07.495022,763.27997,740.0289435600579,72.91184,33.996138996139
2020-12-29 16_24_07.828303,750.2911,749.2908827785817,69.838,30.752895752895757
2020-12-29 16_24_08.162458,733.75995,755.3111432706223,66.32727,36.31274131274131
2020-12-29 16_24_08.495268,762.9468,759.9421128798842,66.051994,31.679536679536678
2020-12-29 16_24_35.830011,989.4106,1123.9363241678725,337.08734,347.66409266409266
2020-12-29 16_24_36.163084,1060.0022,1048.9146164978292,244.09126,324.96138996138995
2020-12-29 16_24_36.497463,1093.8915,972.040520984081,272.465,352.7606177606178
2020-12-29 16_24_36.829953,1113.1162,904.4283646888567,242.28716,372.6833976833977
2020-12-29 16_24_37.163278,1055.2163,868.7698986975397,241.3963,376.3899613899614
2020-12-29 16_24_37.497190,1019.2386,807.1780028943559,254.08856,397.7027027027027
2020-12-29 16_24_37.830109,1003.5993,774.2981186685963,275.7727,445.4247104247104
2020-12-29 16_24_38.163268,988.12396,723.820549927641,327.5835,480.1737451737452
2020-12-29 16_24_49.497613,977.05145,721.50506512301,344.74213,497.77992277992274
2020-12-29 16_24_49.830686,924.1883,763.6468885672937,386.4959,468.59073359073363
2020-12-29 16_25_22.499084,810.68005,677.5108538350216,70.81514,66.8918918918919
2020-12-29 16_25_26.833143,819.8902,884.5151953690304,68.81194,155.3861003861004
2020-12-29 16_25_27.166060,812.41266,899.7973950795947,71.7864,160.94594594594597
2020-12-29 16_25_27.499310,862.0882,927.5832127351664,111.47861,159.0926640926641
2020-12-29 16_25_27.833651,927.92926,941.9392185238784,134.52011,160.01930501930502
2020-12-29 16_25_28.166481,956.5551,957.6845151953689,150.8,172.52895752895756
2020-12-29 16_25_28.499230,1012.76324,980.3762662807525,159.99802,193.3783783783784
2020-12-29 16_25_28.832806,1055.7643,991.027496382055,161.12006,224.8841698841699
2020-12-29 16_25_29.166664,1072.1042,1002.6049204052098,167.60037,242.02702702702703
2020-12-29 16_25_29.499391,1051.08,1013.7192474674385,184.8496,254.53667953667954
2020-12-29 16_25_29.833392,1093.4443,1024.3704775687409,206.35065,280.4826254826255
2020-12-29 16_25_30.166179,1110.2919,1041.5050651230101,219.45238,292.992277992278
2020-12-29 16_25_30.499361,1119.2822,1062.3444283646888,227.42575,305.03861003861005
2020-12-29 16_25_30.833657,1115.3057,1101.244573082489,237.69962,323.57142857142856
2020-12-29 16_25_31.166509,1103.3257,1151.2590448625178,277.87952,347.20077220077224
2020-12-29 16_25_35.833039,1087.1157,1143.849493487699,302.59464,368.976833976834
2020-12-29 16_25_36.167043,1098.0282,1088.740955137482,285.8885,353.6872586872587
2020-12-29 16_25_36.499980,1104.3423,1017.4240231548481,276.88882,351.3706563706564
2020-12-29 16_25_36.833105,1096.2046,990.5643994211287,271.26163,353.6872586872587
2020-12-29 16_25_37.499944,1007.4548,903.5021707670044,296.36206,362.95366795366795
2020-12-29 16_25_37.833079,993.7368,874.7901591895802,303.6962,362.95366795366795
2020-12-29 16_25_38.167423,985.4872,828.943560057887,309.01895,365.73359073359075
2020-12-29 16_22_57.824550,991.20026,845.61505065123,314.029,406.50579150579154
2020-12-29 16_22_58.157988,990.2736,823.3863965267726,321.1068,440.79150579150576
2020-12-29 16_22_58.491816,989.4565,791.8958031837916,342.9206,485.73359073359075
2020-12-29 16_23_06.158340,986.0733,1008.162083936324,375.73895,256.3899613899614
2020-12-29 16_23_06.492656,1034.5391,1015.1085383502171,361.7911,207.74131274131275
2020-12-29 16_23_06.825135,1060.4696,1009.0882778581765,351.2954,184.1119691119691
2020-12-29 16_23_07.158792,1064.3334,1005.8465991316931,346.84027,171.6023166023166
2020-12-29 16_23_07.492682,1023.54565,1001.2156295224312,350.8426,160.48262548262548
2020-12-29 16_23_07.825244,1060.3193,973.8929088277857,314.46628,176.6988416988417
2020-12-29 16_23_08.158537,1091.6473,972.9667149059335,288.62097,166.04247104247105
2020-12-29 16_23_08.492743,1108.1661,958.6107091172214,257.8636,160.01930501930502
2020-12-29 16_23_08.825585,1113.8634,948.4225759768451,242.11238,157.23938223938222
2020-12-29 16_23_09.159023,1114.435,944.2547033285093,207.4766,144.72972972972974
2020-12-29 16_23_09.492343,1101.7245,940.5499276410998,182.81975,141.94980694980697
2020-12-29 16_23_23.493623,1053.0067,1129.956584659913,130.59523,201.71814671814673
2020-12-29 16_23_23.826160,1066.2367,1143.8494934876985,137.84496,213.21428571428572
2020-12-29 16_23_24.159409,1076.1013,1160.5209840810417,143.58307,214.6911196911197
2020-12-29 16_23_24.493242,1083.6842,1157.2793053545586,148.62085,211.44787644787644
2020-12-29 16_23_24.826250,1091.9255,1141.997105643994,154.3299,220.2509652509653
2020-12-29 16_23_56.828387,850.8619,729.8408104196817,86.01393,32.142857142857146
2020-12-29 16_23_57.160959,851.3951,735.861070911722,94.381584,32.60617760617761
2020-12-29 16_23_57.494447,814.1462,746.9753979739507,70.82836,31.216216216216218
2020-12-29 16_23_57.828694,839.25543,747.9015918958032,69.8475,32.142857142857146
2020-12-29 16_23_58.161413,852.81,744.1968162083936,74.58814,29.362934362934364
2020-12-29 16_23_58.494897,863.74634,742.3444283646887,77.1329,31.67953667953668
2020-12-29 16_23_58.827799,864.39087,736.7872648335745,78.59099,32.60617760617761
2020-12-29 16_23_59.161647,820.3033,729.3777134587554,70.45537,32.142857142857146
2020-12-29 16_23_59.494526,817.37756,720.5788712011578,68.741264,38.62934362934363
2020-12-29 16_23_59.827975,787.96313,710.8538350217077,67.44809,34.922779922779924
2020-12-29 16_24_00.161685,809.54767,704.8335745296672,72.151634,33.53281853281853
2020-12-29 16_24_00.494573,796.13824,693.7192474674385,68.14262,34.922779922779924
2020-12-29 16_24_00.827875,853.9445,682.6049204052098,74.196754,33.06949806949807
2020-12-29 16_24_01.162304,816.9769,666.8596237337192,68.49599,35.38610038610038
2020-12-29 16_24_33.497058,977.8094,719.1895803183792,324.77838,478.3204633204633
2020-12-29 16_24_33.829864,924.0004,766.888567293777,377.7622,452.3745173745174
2020-12-29 16_24_34.163078,898.247,853.9507959479015,381.73285,423.1853281853282
2020-12-29 16_24_34.496887,863.0694,878.0318379160635,391.76907,406.969111969112
2020-12-29 16_24_34.829801,827.488,911.8379160636757,388.42084,372.22007722007726
2020-12-29 16_24_35.163154,811.39655,943.7916063675831,389.77032,343.03088803088804
2020-12-29 16_24_35.497283,784.6735,964.1678726483358,388.96124,337.934362934363
2020-12-29 16_24_35.830011,774.2282,972.040520984081,383.36224,296.6988416988417
2020-12-29 16_24_36.163084,768.70355,983.1548480463097,381.45444,282.33590733590734
2020-12-29 16_24_36.497463,811.24524,1017.8871201157742,375.57617,211.91119691119692
2020-12-29 16_24_36.829953,878.1181,1008.6251808972504,374.42633,206.81467181467184
2020-12-29 16_24_37.163278,940.80865,1002.1418234442835,367.2884,214.69111969111972
2020-12-29 16_24_37.497190,988.37836,997.0477568740955,359.48734,217.93436293436295
2020-12-29 16_24_37.830109,1047.4803,989.6382054992764,318.7424,205.4247104247104
2020-12-29 16_24_38.163268,1092.968,981.3024602026048,263.6737,170.21235521235522
2020-12-29 16_24_38.497784,1111.6055,967.4095513748189,230.94572,167.8957528957529
2020-12-29 16_24_38.830209,1094.7382,955.8321273516642,203.64934,159.55598455598457
2020-12-29 16_24_39.163302,1071.4242,948.4225759768451,173.52618,153.53281853281854
2020-12-29 16_24_39.497473,1071.2196,945.6439942112879,161.25458,153.996138996139
2020-12-29 16_24_39.830239,1057.1985,942.8654124457308,137.97298,148.43629343629345
2020-12-29 16_24_40.163353,1050.711,944.7178002894356,129.21689,141.94980694980697
2020-12-29 16_24_40.497283,1049.6931,947.0332850940665,126.12237,135.9266409266409
2020-12-29 16_24_40.830374,1049.9547,954.4428364688856,123.87955,130.83011583011586
2020-12-29 16_24_41.163333,1027.8776,961.3892908827786,110.56909,132.6833976833977
2020-12-29 16_24_42.497718,1009.4488,993.806078147612,97.248726,105.34749034749035
2020-12-29 16_24_42.830215,1007.30524,1000.2894356005788,96.28623,103.95752895752896
2020-12-29 16_24_43.163503,1007.2996,1010.4775687409551,96.28194,102.10424710424711
2020-12-29 16_24_43.497391,1007.2996,1011.8668596237337,96.28194,100.25096525096525
2020-12-29 16_24_43.830489,1007.2996,1010.014471780029,96.28194,100.25096525096525
2020-12-29 16_24_44.163649,1007.2996,1010.4775687409551,96.28194,98.39768339768341
2020-12-29 16_24_44.497783,1007.2996,1012.7930535455862,96.28194,98.86100386100387
2020-12-29 16_24_44.830850,1007.2996,1012.7930535455861,96.28194,78.01158301158301
2020-12-29 16_24_45.164083,1007.2996,1011.8668596237337,96.28194,91.44787644787644
2020-12-29 16_24_45.497239,1007.2996,1006.3096960926193,96.28194,94.6911196911197
2020-12-29 16_24_45.830498,1007.2996,1004.9204052098407,96.28194,94.22779922779924
2020-12-29 16_24_46.164029,1007.2996,1000.2894356005788,96.28194,93.30115830115832
2020-12-29 16_24_46.498490,1007.2996,983.6179450072359,96.28194,113.68725868725869
2020-12-29 16_24_46.830667,1007.2996,978.0607814761215,96.28194,113.68725868725869
2020-12-29 16_24_47.163770,1007.2996,974.8191027496382,96.28194,118.78378378378378
2020-12-29 16_24_47.497520,1007.2996,966.4833574529666,96.28194,118.32046332046332
2020-12-29 16_24_47.830742,1007.2996,956.7583212735167,96.28194,116.93050193050193
2020-12-29 16_24_48.163723,1007.2996,951.6642547033284,96.28194,123.41698841698843
2020-12-29 16_24_48.497278,1007.2808,947.0332850940665,96.280846,122.02702702702703
2020-12-29 16_24_48.830772,1007.1684,932.6772793053544,96.25196,136.85328185328186
2020-12-29 16_24_49.163930,1006.5014,933.1403762662807,96.07253,135.0
2020-12-29 16_24_49.497613,1006.3194,936.3820549927641,96.05126,146.11969111969114
2020-12-29 16_24_49.830686,989.7725,942.8654124457307,91.81314,150.28957528957528
2020-12-29 16_25_26.833143,782.1596,748.8277858176555,73.536316,32.142857142857146
2020-12-29 16_25_27.166060,859.18427,750.6801736613604,77.59006,32.142857142857146
2020-12-29 16_25_27.499310,874.1784,746.0492040520984,79.71382,35.84942084942085
2020-12-29 16_25_27.833651,866.45123,734.9348769898697,80.70134,29.826254826254825
2020-12-29 16_25_28.166481,884.2464,732.1562952243125,82.63924,30.752895752895757
2020-12-29 16_25_28.499230,839.2773,720.1157742402315,72.15902,22.876447876447873
2020-12-29 16_25_28.832806,863.63165,708.5383502170766,78.54674,32.6061776061776
2020-12-29 16_25_29.166664,887.4166,700.6657018813314,83.84527,31.679536679536678
2020-12-29 16_25_29.499391,971.535,695.108538350217,90.15457,31.679536679536678
2020-12-29 16_25_29.833392,918.1716,685.383502170767,78.69364,33.996138996138995
2020-12-29 16_25_30.166179,857.8818,673.3429811866858,71.49041,34.922779922779924
2020-12-29 16_25_30.499361,822.67535,659.9131693198264,69.46779,33.53281853281854
2020-12-29 16_22_45.823947,1082.58,1034.5586107091171,290.30533,243.8803088803089
2020-12-29 16_23_06.158340,913.28784,862.7496382054993,379.39023,352.2972972972973
2020-12-29 16_23_06.492656,895.73346,878.0318379160636,382.32355,334.6911196911197
2020-12-29 16_23_06.825135,855.4547,915.5426917510852,391.618,284.5656370656371
2020-12-29 16_23_07.158792,831.4737,949.8118668596237,391.6084,247.12355212355214
2020-12-29 16_23_07.492682,811.8525,999.3632416787266,386.7459,229.980694980695
2020-12-29 16_23_07.825244,784.44635,1007.2358900144718,387.57516,263.33976833976834
2020-12-29 16_23_08.158537,768.6606,1036.4109985528219,381.08057,260.0965250965251
2020-12-29 16_23_08.492743,783.4467,1063.7337192474674,380.58514,250.83011583011583
2020-12-29 16_23_08.825585,834.7459,1091.519536903039,379.3416,251.2934362934363
2020-12-29 16_23_09.159023,889.30975,1120.231548480463,380.00134,233.6872586872587
2020-12-29 16_23_09.492343,938.6349,1126.2518089725036,372.99634,230.44401544401543
2020-12-29 16_23_23.493623,729.81793,777.5397973950795,66.28066,30.752895752895757
2020-12-29 16_23_23.826160,729.81793,793.2850940665701,66.280624,29.82625482625483
2020-12-29 16_23_24.159409,729.87445,807.1780028943559,66.28022,29.36293436293436
2020-12-29 16_23_24.493242,758.5885,826.1649782923299,69.08285,31.67953667953668
2020-12-29 16_23_24.826250,786.6547,842.3733719247467,72.40378,32.60617760617761
2020-12-29 16_23_33.493159,864.7902,938.697539797395,75.25269,153.06949806949808
2020-12-29 16_23_33.827522,840.9827,951.6642547033284,69.93654,137.7799227799228
2020-12-29 16_23_34.159902,851.5765,959.5369030390739,74.11254,158.1660231660232
2020-12-29 16_23_34.493450,860.93036,960.4630969609261,76.62219,165.11583011583014
2020-12-29 16_23_34.827080,859.86285,970.6512301013024,78.00127,172.52895752895753
2020-12-29 16_23_35.159927,862.5756,977.5976845151954,80.02183,220.71428571428572
2020-12-29 16_23_35.493274,898.5028,985.9334298118667,95.72432,230.44401544401546
2020-12-29 16_23_35.827777,957.34247,997.5108538350216,117.83253,257.7799227799228
2020-12-29 16_23_36.160179,944.0987,1012.3299565846598,112.76624,267.50965250965254
2020-12-29 16_23_36.493217,961.6637,1033.1693198263386,140.24115,298.0888030888031
2020-12-29 16_23_36.827524,973.84686,1072.0694645441388,142.27351,318.011583011583
2020-12-29 16_23_37.160268,1000.72675,1133.6613603473227,161.02983,348.12741312741315
2020-12-29 16_23_43.493622,1028.905,1185.9913169319825,231.80098,320.7915057915058
2020-12-29 16_23_43.827673,1061.7405,1109.5803183791606,238.99535,299.942084942085
2020-12-29 16_23_44.160828,1085.1742,1024.8335745296672,243.3329,321.25482625482624
2020-12-29 16_23_44.493782,1102.2373,966.9464544138928,244.72192,318.9382239382239
2020-12-29 16_24_31.497071,846.22565,766.4254703328509,72.07638,86.35135135135135
2020-12-29 16_24_31.829714,830.7007,742.807525325615,69.597534,78.93822393822394
2020-12-29 16_24_32.162879,819.29816,725.6729377713459,68.51306,74.76833976833977
2020-12-29 16_24_32.496746,805.1882,700.2026049204052,67.51992,71.06177606177606
2020-12-29 16_24_32.829893,787.1965,679.8263386396526,66.68845,75.23166023166024
2020-12-29 16_24_33.162985,763.3814,662.6917510853834,66.05706,60.868725868725875
2020-12-29 16_24_36.829953,742.7968,665.4703328509406,66.01854,32.142857142857146
2020-12-29 16_24_37.163278,742.7049,675.6584659913169,66.02542,30.75289575289575
2020-12-29 16_24_37.497190,742.2507,690.014471780029,66.04132,34.45945945945946
2020-12-29 16_24_37.830109,739.56604,705.2966714905931,66.1176,30.28957528957529
2020-12-29 16_24_38.163268,729.82294,711.3169319826338,66.279724,33.53281853281853
2020-12-29 16_24_38.497784,729.8178,727.0622286541245,66.280556,27.972972972972975
2020-12-29 16_24_38.830209,729.8178,739.1027496382055,66.280556,33.069498069498074
2020-12-29 16_24_39.163302,729.8178,750.2170767004342,66.280556,31.67953667953668
2020-12-29 16_24_39.497473,729.8178,761.3314037626628,66.280556,32.142857142857146
2020-12-29 16_24_39.830239,729.8178,769.204052098408,66.280556,34.922779922779924
2020-12-29 16_24_40.163353,729.9297,783.0969609261938,66.28996,33.53281853281853
2020-12-29 16_24_40.497283,730.5274,798.3791606367583,66.371,30.752895752895753
2020-12-29 16_24_40.830374,746.9137,808.5672937771345,69.60983,28.899613899613897
2020-12-29 16_24_41.163333,776.9401,821.0709117221418,73.11537,29.826254826254825
2020-12-29 16_24_44.163649,792.9986,939.1606367583212,72.34096,48.82239382239383
2020-12-29 16_24_44.497783,804.8669,950.2749638205498,75.97872,52.528957528957534
2020-12-29 16_24_44.830850,831.0235,959.5369030390738,78.885216,57.625482625482626
2020-12-29 16_24_45.164083,856.316,972.5036179450071,81.80898,68.74517374517374
2020-12-29 16_24_45.497239,960.38556,983.1548480463097,89.5338,72.91505791505793
2020-12-29 16_24_45.830498,982.12823,993.3429811866858,92.04973,78.47490347490347
2020-12-29 16_24_46.830667,981.51917,1014.6454413892908,92.396416,70.5984555984556
2020-12-29 16_24_47.163770,1006.5534,1014.6454413892909,96.117615,79.40154440154441
2020-12-29 16_24_47.497520,1007.2996,1014.6454413892909,96.28194,81.25482625482626
2020-12-29 16_24_47.830742,1007.2996,1004.4573082489146,96.28194,88.66795366795367
2020-12-29 16_24_48.163723,1007.2996,998.9001447178002,96.28194,87.27799227799228
2020-12-29 16_24_48.497278,1007.2996,995.1953690303907,96.28194,84.4980694980695
2020-12-29 16_24_48.830772,1007.2996,984.081041968162,96.28194,83.57142857142858
2020-12-29 16_24_49.163930,1007.2996,974.3560057887121,96.28194,73.84169884169884
2020-12-29 16_24_49.497613,1007.2996,953.9797395079595,96.28194,72.45173745173746
2020-12-29 16_24_49.830686,1007.2996,939.6237337192474,96.28194,84.4980694980695
2020-12-29 16_25_03.497949,1098.1926,1072.9956584659913,282.9426,342.1042471042471
2020-12-29 16_25_03.831943,1092.387,1029.464544138929,294.97574,346.2741312741313
2020-12-29 16_25_04.164961,1090.8634,983.6179450072358,299.8665,356.4671814671815
2020-12-29 16_25_04.498022,1063.4731,927.1201157742403,296.30157,385.65637065637065
2020-12-29 16_25_04.831922,1028.0981,836.3531114327062,281.6856,388.89961389961394
2020-12-29 16_25_05.164805,999.7115,749.2908827785817,296.5658,390.2895752895753
2020-12-29 16_25_26.833143,790.4357,991.4905933429811,383.12527,311.988416988417
2020-12-29 16_25_27.166060,779.4974,1006.3096960926193,386.8446,305.03861003861005
2020-12-29 16_25_27.499310,774.7381,1028.0752532561505,383.14996,286.50579150579154
2020-12-29 16_25_27.833651,781.31604,1041.041968162084,385.12912,278.16602316602314
2020-12-29 16_25_28.166481,799.59784,1062.8075253256152,383.9519,257.7799227799228
2020-12-29 16_25_28.499230,848.47473,1071.1432706222865,378.26328,261.4864864864865
2020-12-29 16_25_28.832806,906.74274,1116.5267727930536,372.11707,241.10038610038612
2020-12-29 16_25_29.166664,959.1962,1129.0303907380608,363.88135,239.71042471042472
2020-12-29 16_25_29.499391,1013.227,1141.534008683068,344.8636,231.83397683397683
2020-12-29 16_25_29.833392,1071.4149,1154.9638205499277,276.38937,226.73745173745178
2020-12-29 16_25_30.166179,1097.4526,1171.1722141823443,245.21547,198.93822393822393
2020-12-29 16_25_30.499361,1106.748,1162.8364688856727,237.39192,174.84555984555988
2020-12-29 16_25_30.833657,1114.8584,1159.1316931982633,231.05469,182.72200772200773
2020-12-29 16_25_31.166509,1128.5111,1134.5875542691751,224.67432,206.35135135135135
2020-12-29 16_25_31.499783,1135.5696,1122.5470332850941,222.56017,201.71814671814673
2020-12-29 16_25_31.833088,1138.603,1107.2648335745298,221.88782,200.32818532818533
2020-12-29 16_25_32.166279,1141.7954,1087.3516642547033,221.10248,194.76833976833976
2020-12-29 16_25_32.499526,1131.8116,1050.3039073806078,200.15054,192.45173745173747
2020-12-29 16_25_35.833039,884.4229,906.7438494934877,118.63645,278.1660231660232
2020-12-29 16_25_36.167043,885.4534,867.8437047756873,137.00177,303.1853281853282
2020-12-29 16_25_36.499980,882.74615,865.5282199710564,175.21925,318.01158301158307
2020-12-29 16_25_36.833105,869.3226,817.8292329956585,243.8157,342.5675675675676
2020-12-29 16_25_37.499944,889.9659,730.767004341534,299.01294,384.26640926640925
